Date,Open,High,Low,Close,Volume,Dividends,Stock Splits,50MA,200MA,RSI,EMA_fast,EMA_slow,MACD,MACD_signal
2024-08-09 00:00:00+05:30,76.0,91.19999694824219,76.0,91.19999694824219,525179173,0.0,0.0,,,,91.19999694824219,91.19999694824219,0.0,0.0
2024-08-12 00:00:00+05:30,97.0,109.44000244140625,95.0,109.44000244140625,210295560,0.0,0.0,,,,94.0061516394982,92.55110846625433,1.4550431732438653,0.2910086346487731
2024-08-13 00:00:00+05:30,120.9800033569336,129.39999389648438,105.20999908447266,108.16999816894531,365044065,0.0,0.0,,,,96.18520495172083,93.70806325904626,2.4771416926745786,0.7282352462539342
2024-08-14 00:00:00+05:30,110.0,113.4000015258789,100.36000061035156,110.9000015258789,160539788,0.0,0.0,,,,98.44901980928361,94.98154016770053,3.4674796415830826,1.276084125319764
2024-08-16 00:00:00+05:30,121.0,133.0800018310547,117.0,133.0800018310547,338763140,0.0,0.0,,,,103.77686319724839,97.8036484390601,5.973214758188291,2.2155102518934693
2024-08-19 00:00:00+05:30,139.38999938964844,146.3800048828125,136.0,146.3800048828125,192359284,0.0,0.0,,,,110.33119268733518,101.40189706452324,8.929295622811935,3.558267326077163
2024-08-20 00:00:00+05:30,153.8000030517578,157.39999389648438,132.64999389648438,137.7899932861328,309136273,0.0,0.0,,,,114.55562354868866,104.09731159945729,10.458311949231373,4.938276250708006
2024-08-21 00:00:00+05:30,143.0,143.5,135.22000122070312,138.0500030517578,113015397,0.0,0.0,,,,118.17014347223775,106.61232578110918,11.557817691128577,6.262184538792121
2024-08-22 00:00:00+05:30,139.0,139.0,126.05000305175781,131.32000732421875,107214397,0.0,0.0,,,,120.1931994494656,108.4425244139321,11.75067503553349,7.3598826381403954
2024-08-23 00:00:00+05:30,131.0,132.47000122070312,125.55000305175781,126.26000213623047,58941772,0.0,0.0,,,,121.12655370896789,109.7623375785468,11.364216130421084,8.160749336596533
2024-08-26 00:00:00+05:30,123.43000030517578,132.6999969482422,118.5999984741211,125.30000305175781,162419382,0.0,0.0,,,,121.76862283862788,110.91327576174763,10.85534707688025,8.699668884653278
2024-08-27 00:00:00+05:30,126.0,131.0,125.75,127.52999877929688,62973982,0.0,0.0,,,,122.65498836796156,112.14414413341794,10.510844234543626,9.061903954631347
2024-08-28 00:00:00+05:30,128.6999969482422,129.19000244140625,125.0,125.69000244140625,36055940,0.0,0.0,,,,123.12191361002998,113.14754104512078,9.974372564909203,9.24439767668692
2024-08-29 00:00:00+05:30,125.94999694824219,126.98999786376953,119.5999984741211,120.27999877929688,32236138,0.0,0.0,,,66.3738687150094,122.68469594376334,113.67587124765234,9.008824696111006,9.197283080571736
2024-08-30 00:00:00+05:30,121.30000305175781,122.97000122070312,117.11000061035156,117.93000030517578,39363549,0.0,0.0,,,64.66264068025214,121.95320430705756,113.99099191858001,7.962212388477553,8.950268942152901
2024-09-02 00:00:00+05:30,118.5,119.94999694824219,114.0,114.93000030517578,32100435,0.0,0.0,,,53.616121685935795,120.87271138369114,114.06054809536488,6.812163288326261,8.522647811387573
2024-09-03 00:00:00+05:30,114.0,119.30000305175781,112.66000366210938,113.48999786376953,34112725,0.0,0.0,,,53.49631832695695,119.7369093037032,114.01828511524671,5.718624188456488,7.961843086801356
2024-09-04 00:00:00+05:30,112.55000305175781,115.0,109.80000305175781,110.80000305175781,30257994,0.0,0.0,,,49.93424615146592,118.36200064955776,113.77989385128457,4.582106798273188,7.285895829095723
2024-09-05 00:00:00+05:30,111.36000061035156,119.16999816894531,110.33000183105469,115.16000366210938,88498741,0.0,0.0,,,34.61010555084816,117.86938572841186,113.88212420764197,3.9872615207698914,6.626168967430557
2024-09-06 00:00:00+05:30,111.0999984741211,115.05000305175781,109.0,109.56999969482422,58560417,0.0,0.0,,,13.561678369548645,116.59255710785992,113.56270757706287,3.029849530797051,5.906905080103856
2024-09-09 00:00:00+05:30,110.0,116.19999694824219,103.5,114.58000183105469,93620725,0.0,0.0,,,25.271694512136634,116.28293321912065,113.63806270698818,2.6448705121324707,5.254498166509579
2024-09-10 00:00:00+05:30,114.80000305175781,119.0,113.38999938964844,115.5,51113502,0.0,0.0,,,26.308042879797668,116.16248195464055,113.77598398795202,2.3864979666885375,4.6808981265453715
2024-09-11 00:00:00+05:30,115.48999786376953,116.5,109.86000061035156,113.0199966430664,44903854,0.0,0.0,,,28.887853015696592,115.67902267593684,113.7199849253679,1.959037750568939,4.136526051350085
2024-09-12 00:00:00+05:30,114.5999984741211,115.48999786376953,111.44000244140625,112.63999938964844,33770388,0.0,0.0,,,32.384888587344236,115.21148063189247,113.63998599679609,1.5714946350963857,3.6235197680993454
2024-09-13 00:00:00+05:30,112.69999694824219,114.25,111.0,111.58000183105469,18101301,0.0,0.0,,,32.301337506274166,114.65279158560973,113.48739457711153,1.1653970084982035,3.1318952161791174
2024-09-16 00:00:00+05:30,112.0,112.18000030517578,106.9000015258789,107.5999984741211,27173576,0.0,0.0,,,25.401136442608063,113.56774649153456,113.0512911620752,0.5164553294593617,2.6088072388351664
2024-09-17 00:00:00+05:30,112.94999694824219,118.36000061035156,110.26000213623047,117.95999908447266,163398289,0.0,0.0,,,42.11706878793787,114.24347765967889,113.41489915632687,0.8285785033520199,2.252761491738537
2024-09-18 00:00:00+05:30,118.0,123.9000015258789,116.0999984741211,116.94999694824219,118683852,0.0,0.0,,,46.26932392255114,114.65986524253478,113.6767582520243,0.9831069905104783,1.9988305914929254
2024-09-19 00:00:00+05:30,116.69999694824219,117.48999786376953,109.5,111.66999816894531,61441099,0.0,0.0,,,43.418837832873606,114.19988569275178,113.52810935698142,0.6717763357703603,1.7334197403484124
2024-09-20 00:00:00+05:30,113.0,113.94999694824219,110.4000015258789,110.98999786376953,26659658,0.0,0.0,,,45.645444337974716,113.70605679598528,113.34010109822498,0.3659556977602989,1.4599269318307897
2024-09-23 00:00:00+05:30,112.0,112.4000015258789,107.5,108.1500015258789,30248266,0.0,0.0,,,44.275304022542706,112.85127906212276,112.9556492780512,-0.10437021592844076,1.1470675022789436
2024-09-24 00:00:00+05:30,108.1500015258789,109.9000015258789,103.41999816894531,104.05000305175781,52943938,0.0,0.0,,,42.976067043399425,111.49723659898969,112.29597177980725,-0.7987351808175589,0.7579069656596431
2024-09-25 00:00:00+05:30,105.37000274658203,107.5,101.4000015258789,103.0199966430664,54743574,0.0,0.0,,,36.426649579010025,110.19304583653995,111.60886251041903,-1.4158166738790783,0.32316223775189884
2024-09-26 00:00:00+05:30,105.79000091552734,106.33999633789062,102.30000305175781,103.48999786376953,31139206,0.0,0.0,,,42.32323119450869,109.16180768688297,111.00746512918573,-1.845657442302766,-0.11060169825903413
2024-09-27 00:00:00+05:30,104.5999984741211,104.87000274658203,101.0,102.18000030517578,36452821,0.0,0.0,,,32.7298036227934,108.08768347431263,110.35357884592574,-2.2658953716131123,-0.5416604329298498
2024-09-30 00:00:00+05:30,101.70999908447266,102.37999725341797,97.83999633789062,99.62000274658203,51879596,0.0,0.0,,,28.849231664709876,106.78496336235408,109.55849913486324,-2.773535772509163,-0.9880355008457125
2024-10-01 00:00:00+05:30,100.0,103.48999786376953,99.1500015258789,102.62000274658203,61227119,0.0,0.0,,,36.33736920178006,106.14420019069684,109.044536439435,-2.9003362487381708,-1.370495650424204
2024-10-03 00:00:00+05:30,100.0,102.19000244140625,99.0,99.26000213623047,27994702,0.0,0.0,,,33.69883411923159,105.085092797702,108.31975612067912,-3.234663322977113,-1.743329184934786
2024-10-04 00:00:00+05:30,100.0,100.0,95.38999938964844,99.05000305175781,43646598,0.0,0.0,,,34.41154762609857,104.15661745217213,107.63310774520346,-3.4764902930313326,-2.0899614065540955
2024-10-07 00:00:00+05:30,99.9000015258789,100.0,89.55000305175781,90.81999969482422,90107948,0.0,0.0,,,31.12061447181381,102.10483010488784,106.38769233406425,-4.282862229176416,-2.5285415710785597
2024-10-08 00:00:00+05:30,86.0,96.77999877929688,86.0,95.41000366210938,113352923,0.0,0.0,,,20.84304106397188,101.07485680599885,105.57453021021574,-4.499673404216892,-2.9227679377062263
2024-10-09 00:00:00+05:30,95.31999969482422,98.69000244140625,93.79000091552734,95.77999877929688,57074037,0.0,0.0,,,22.166712005694265,100.26026326342931,104.84900936348102,-4.588746100051708,-3.255963570175323
2024-10-10 00:00:00+05:30,94.0,95.16999816894531,90.0,90.79000091552734,49223674,0.0,0.0,,,22.337044998268524,98.80329982529055,103.80760133029926,-5.004301505008712,-3.605631157142001
2024-10-11 00:00:00+05:30,91.0,92.25,89.66000366210938,90.19999694824219,34321755,0.0,0.0,,,22.390438150132297,97.47971476728311,102.79963063533208,-5.319915868048966,-3.948488099323394
2024-10-14 00:00:00+05:30,90.0,90.5,87.1500015258789,87.45999908447266,36287243,0.0,0.0,,,22.450065566056338,95.93822004685073,101.66336163156471,-5.725141584713981,-4.3038187964015115
2024-10-15 00:00:00+05:30,88.79000091552734,91.87000274658203,88.6500015258789,89.51000213623047,56875452,0.0,0.0,,,29.52112987225388,94.94926344521684,100.76311278005848,-5.813849334841635,-4.605824904089537
2024-10-16 00:00:00+05:30,90.0,90.38999938964844,88.62000274658203,89.16999816894531,20025845,0.0,0.0,,,30.10629645223345,94.06014571040583,99.90436354960565,-5.844217839199814,-4.853503491111592
2024-10-17 00:00:00+05:30,89.38999938964844,90.0,87.19999694824219,87.56999969482422,16578506,0.0,0.0,,,27.85197956664024,93.06166170800866,98.99070696776998,-5.929045259761324,-5.068611844841539
2024-10-18 00:00:00+05:30,85.75,88.0,85.0199966430664,86.94999694824219,25522239,0.0,0.0,,,28.397163034606706,92.1214055911215,98.09880252187904,-5.977396930757536,-5.250368862024739
2024-10-21 00:00:00+05:30,87.19000244140625,87.4800033569336,81.0,81.6500015258789,34971218,0.0,0.0,109.05020034790039,,26.349041034046905,90.51042035031494,96.88037281847161,-6.369952468156669,-5.474285583251125
2024-10-22 00:00:00+05:30,83.9800033569336,85.29000091552734,80.5,81.08000183105469,41665695,0.0,0.0,108.84780044555664,,19.713163986259374,89.05958673196722,95.70997496755184,-6.650388235584629,-5.709506113717826
2024-10-23 00:00:00+05:30,81.19999694824219,83.0,79.1500015258789,81.76000213623047,33119468,0.0,0.0,108.29420043945312,,23.38808181085787,87.93657371723849,94.67664364671323,-6.740069929474743,-5.9156188768692095
2024-10-24 00:00:00+05:30,81.80999755859375,82.0999984741211,79.7699966430664,80.0,17908438,0.0,0.0,107.73080047607422,,22.33517475807757,86.71556237612488,93.5894848580678,-6.873922481942927,-6.107279597883953
2024-10-25 00:00:00+05:30,80.05000305175781,80.48999786376953,76.7300033569336,77.29000091552734,22420692,0.0,0.0,107.0586004638672,,26.599797534737363,85.26547599757141,92.38211567713888,-7.11663967956747,-6.3091516142206565
2024-10-28 00:00:00+05:30,77.98999786376953,80.5,77.12000274658203,77.58999633789062,31800879,0.0,0.0,105.94880035400391,,13.809888589745512,84.08463297300514,91.28640313349086,-7.201770160485722,-6.48767532347367
2024-10-29 00:00:00+05:30,77.69999694824219,78.5,74.83999633789062,76.31999969482422,29301711,0.0,0.0,104.54760025024414,,11.873037530826252,82.89007400713115,90.1777806565526,-7.287706649421452,-6.647681588663227
2024-10-30 00:00:00+05:30,76.31999969482422,80.66999816894531,75.08000183105469,79.83000183105469,47417740,0.0,0.0,103.38840042114258,,27.204661674131557,82.41929367235015,89.41127852133053,-6.99198484898038,-6.716542240726658
2024-10-31 00:00:00+05:30,80.0,83.25,79.16000366210938,80.87999725341797,34098220,0.0,0.0,102.24500030517578,,30.979586536512272,82.18247883866827,88.77933176074441,-6.596852922076138,-6.692604376996554
2024-11-01 00:00:00+05:30,82.38999938964844,83.6500015258789,82.01000213623047,82.83999633789062,7901472,0.0,0.0,101.27540008544922,,40.261374378543515,82.28363537701017,88.33938098868117,-6.055745611671,-6.565232623931443
2024-11-04 00:00:00+05:30,84.44999694824219,84.80000305175781,79.61000061035156,80.83999633789062,30671468,0.0,0.0,100.36699996948242,,31.68565850532785,82.06153706329947,87.78387101454854,-5.72233395124907,-6.396652889394969
2024-11-05 00:00:00+05:30,80.04000091552734,80.29000091552734,73.83999633789062,74.18000030517578,89679787,0.0,0.0,99.34459991455078,,25.008325177754315,80.84899294666505,86.77617688792833,-5.92718394126328,-6.302759099768632
2024-11-06 00:00:00+05:30,75.41000366210938,75.43000030517578,73.5,74.4000015258789,51882572,0.0,0.0,98.28199996948243,,26.983563593076,79.85684042039026,85.85942315740616,-6.002582737015899,-6.242723827218086
2024-11-07 00:00:00+05:30,75.0,78.25,74.06999969482422,74.55999755859375,55664096,0.0,0.0,97.25939987182618,,27.992879587735928,79.04194151857541,85.02242866860523,-5.980487150029816,-6.190276491780432
2024-11-08 00:00:00+05:30,74.91999816894531,74.98999786376953,72.5999984741211,72.72000122070312,30134626,0.0,0.0,96.3081999206543,,31.915739772230395,78.06933531890276,84.1111377465384,-6.041802427635645,-6.160581678951475
2024-11-11 00:00:00+05:30,72.72000122070312,77.5999984741211,70.55000305175781,74.33000183105469,98999523,0.0,0.0,95.43619995117187,,36.883005977796756,77.49405324384921,83.38660916020628,-5.892555916357068,-6.106976526432594
2024-11-12 00:00:00+05:30,75.19999694824219,76.6500015258789,73.70999908447266,74.29000091552734,36932621,0.0,0.0,94.6233999633789,,35.11357741332618,77.00112211641508,82.7127863272671,-5.711664210852021,-6.02791406331648
2024-11-13 00:00:00+05:30,73.80000305175781,74.19000244140625,70.55000305175781,70.94999694824219,29804499,0.0,0.0,93.77259994506836,,33.033354235275,76.07017978285002,81.84146859548747,-5.771288812637451,-5.976589013180674
2024-11-14 00:00:00+05:30,71.04000091552734,71.87999725341797,69.54000091552734,70.12000274658203,34166367,0.0,0.0,92.95899993896484,,35.53851447339589,75.15476793111648,80.97321186593892,-5.81844393482244,-5.944959997509027
2024-11-18 00:00:00+05:30,70.0,70.9000015258789,68.0999984741211,68.93000030517578,38573962,0.0,0.0,92.03439987182617,,33.13862718947857,74.19711137327945,80.0811221206972,-5.884010747417747,-5.932770147490771
2024-11-19 00:00:00+05:30,68.98999786376953,71.18000030517578,68.98999786376953,69.31999969482422,22429780,0.0,0.0,91.22939987182617,,35.887089827550994,73.44678649967095,79.28400194100291,-5.8372154413319635,-5.91365920625901
2024-11-21 00:00:00+05:30,69.5,69.69999694824219,66.86000061035156,67.20999908447266,29121532,0.0,0.0,90.28199981689453,,23.034166339808877,72.4872807434866,78.38963135903771,-5.902350615551114,-5.911397488117431
2024-11-22 00:00:00+05:30,67.20999908447266,69.73999786376953,66.66000366210938,69.13999938964844,28730513,0.0,0.0,89.3547998046875,,25.82371881585972,71.97231438135765,77.70447343537924,-5.732159054021594,-5.875549801298264
2024-11-25 00:00:00+05:30,70.55000305175781,72.30000305175781,69.30000305175781,69.58000183105469,21405109,0.0,0.0,88.48599990844727,,20.86995231292056,71.60426629669566,77.10266072394779,-5.498394427252137,-5.800118726489038
2024-11-26 00:00:00+05:30,69.58000183105469,74.80000305175781,69.58000183105469,73.41999816894531,57391461,0.0,0.0,87.7015998840332,,34.91869729590587,71.88360966165715,76.82987090505873,-4.94626124340158,-5.629347229871547
2024-11-27 00:00:00+05:30,77.69999694824219,88.0999984741211,75.26000213623047,88.0999984741211,244701933,0.0,0.0,87.23199981689453,,71.33660369803498,74.37843870972853,77.66469516943371,-3.2862564597051858,-5.160729075838275
2024-11-28 00:00:00+05:30,90.6500015258789,94.5,88.7699966430664,92.98999786376953,186599196,0.0,0.0,86.9397998046875,,74.9262532648454,77.24175550265791,78.79990277642155,-1.5581472737636375,-4.440212715423348
2024-11-29 00:00:00+05:30,92.1500015258789,92.48999786376953,86.69999694824219,87.41000366210938,76161884,0.0,0.0,86.32879989624024,,65.04332553780901,78.80610137334276,79.43768802721324,-0.6315866538704853,-3.6784875031127755
2024-12-02 00:00:00+05:30,84.11000061035156,94.47000122070312,81.19999694824219,93.29000091552734,168055394,0.0,0.0,85.85559997558593,,72.00000326391263,81.03439361060192,80.46378527819947,0.5706083324024576,-2.828668336009729
2024-12-03 00:00:00+05:30,94.08999633789062,101.77999877929688,92.51000213623047,98.54000091552734,236992751,0.0,0.0,85.59300003051757,,74.02262655614162,83.72756396520583,81.80276421429782,1.924799750908008,-1.8779747186261817
2024-12-04 00:00:00+05:30,98.75,102.5,97.61000061035156,98.36000061035156,133838392,0.0,0.0,85.34040008544922,,73.81753800769341,85.97870806445903,83.02922616956107,2.949481894897957,-0.912483395921354
2024-12-05 00:00:00+05:30,98.7300033569336,100.19999694824219,95.4800033569336,98.5199966430664,76865512,0.0,0.0,85.14779998779296,,79.11299838211663,87.90813707655246,84.17669064907999,3.731446427472477,0.016302568757412254
2024-12-06 00:00:00+05:30,96.9000015258789,98.30000305175781,95.25,95.91000366210938,48472086,0.0,0.0,84.985,,76.24670299934856,89.13919347433045,85.04582494634143,4.093368527989028,0.8317157606037355
2024-12-09 00:00:00+05:30,96.4000015258789,97.0,91.5,92.25,40583292,0.0,0.0,84.76960006713867,,72.59690627951124,89.61777909366423,85.57946754290873,4.038311550755495,1.4730349186340874
2024-12-10 00:00:00+05:30,92.25,95.5,92.2300033569336,94.56999969482422,50853886,0.0,0.0,84.59120010375976,,73.58491292111691,90.37965918615038,86.24543288749506,4.134226298655321,2.005273194638334
2024-12-11 00:00:00+05:30,94.88999938964844,98.12999725341797,93.01000213623047,96.12000274658203,66954410,0.0,0.0,84.47000015258789,,77.2890422161863,91.26278896467832,86.97688250668668,4.2859064579916435,2.4613998473089964
2024-12-12 00:00:00+05:30,96.12000274658203,96.5999984741211,93.75,93.98999786376953,24825087,0.0,0.0,84.35740005493165,,73.36844357310567,91.6823595645385,87.49637253313726,4.18598703140124,2.806317284127445
2024-12-13 00:00:00+05:30,93.5,94.87999725341797,93.0,93.80999755859375,29241541,0.0,0.0,84.18119995117188,,72.89737387848164,92.00968848670085,87.96404846094886,4.045640025751993,3.054181832452355
2024-12-16 00:00:00+05:30,93.80999755859375,99.62000274658203,93.55999755859375,96.80000305175781,67357404,0.0,0.0,84.13199996948242,,72.45486551982471,92.74665995824807,88.61856361582359,4.1280963424244845,3.268964734446781
2024-12-17 00:00:00+05:30,97.30000305175781,100.4000015258789,96.91000366210938,97.43000030517578,47461145,0.0,0.0,84.09959991455078,,62.27309021233445,93.46717385777542,89.27126262984967,4.195911227925748,3.454354033142575
2024-12-18 00:00:00+05:30,97.94999694824219,98.19999694824219,94.80000305175781,96.41999816894531,37709666,0.0,0.0,84.2115998840332,,55.02490562731042,93.92145452103233,89.80079859570861,4.120655925323717,3.5876144115788033
2024-12-19 00:00:00+05:30,94.0,96.38999938964844,93.1500015258789,95.12000274658203,26289361,0.0,0.0,84.20579986572265,,62.91457199094492,94.10584655573228,90.19481371799553,3.911032837736755,3.652298096810394
2024-12-20 00:00:00+05:30,95.5999984741211,97.83000183105469,92.12999725341797,93.66999816894531,38323235,0.0,0.0,84.16359985351562,,50.7474373854053,94.03879295776505,90.45223478843626,3.5865581693287965,3.6391501113140747
2024-12-23 00:00:00+05:30,93.97000122070312,95.23999786376953,92.0999984741211,92.69000244140625,30468393,0.0,0.0,84.2015998840332,,36.170217370993804,93.83128672447909,90.61799535532292,3.213291369156167,3.5539783628824932
2024-12-24 00:00:00+05:30,93.4000015258789,95.66000366210938,92.77999877929688,93.9800033569336,22492287,0.0,0.0,84.27720001220703,,40.16173218085845,93.85416620639516,90.86703298507186,2.9871332213233046,3.440609334570656
2024-12-26 00:00:00+05:30,97.0,99.94999694824219,93.0999984741211,93.55000305175781,69591245,0.0,0.0,84.39900009155274,,38.97027923305135,93.80737187491249,91.06577150853008,2.7416003663824142,3.3008075409330075
2024-12-27 00:00:00+05:30,93.8499984741211,94.25,88.51000213623047,89.93000030517578,37601364,0.0,0.0,84.40740005493164,,37.29821739999877,93.21085317187607,90.98164030828161,2.229212863594455,3.086488605465297
2024-12-30 00:00:00+05:30,87.0999984741211,88.08000183105469,84.5,85.06999969482422,37606547,0.0,0.0,84.32540008544922,,35.48909357968596,91.95841417540655,90.54374100358106,1.4146731718254841,2.752125518737335
2024-12-31 00:00:00+05:30,85.19000244140625,87.63999938964844,84.87000274658203,85.7300033569336,29578957,0.0,0.0,84.28860015869141,,30.849242217891117,91.00019712641071,90.18716784457014,0.8130292818405707,2.3643062713579823
2025-01-01 00:00:00+05:30,86.4000015258789,86.66999816894531,85.25,86.22000122070312,16274841,0.0,0.0,84.27400024414062,,27.520444652791696,90.26478237168647,89.89330365020962,0.3714787214768478,1.9657407613817555
2025-01-02 00:00:00+05:30,86.23999786376953,88.58999633789062,83.58000183105469,84.70999908447266,37564777,0.0,0.0,84.3352001953125,,28.317769137472354,89.41020032749972,89.50935516385873,-0.09915483635900557,1.5527616418336034
2025-01-03 00:00:00+05:30,84.69999694824219,85.11000061035156,82.26000213623047,82.70999908447266,30982641,0.0,0.0,84.36780014038087,,26.098203610128238,88.37940013626479,89.00569915797828,-0.6262990217134927,1.1169495091241843
2025-01-06 00:00:00+05:30,82.80000305175781,83.0999984741211,77.5,77.94999694824219,33396475,0.0,0.0,84.29160003662109,,12.28491004399342,86.7748765688767,88.18675825355339,-1.4118816846766862,0.6111832703640102
2025-01-07 00:00:00+05:30,78.9000015258789,81.18000030517578,78.55000305175781,79.16000366210938,30769069,0.0,0.0,84.27480010986328,,14.274567933945065,85.60335766014327,87.51810976529828,-1.914752105155003,0.10599619526020757
2025-01-08 00:00:00+05:30,77.0,80.1500015258789,75.16000366210938,79.51000213623047,61605465,0.0,0.0,84.31920013427734,,16.057831458144776,84.66591834877207,86.92491660758955,-2.258998258817485,-0.36700269555533094
2025-01-09 00:00:00+05:30,79.4000015258789,79.5999984741211,75.2699966430664,75.66000366210938,24971633,0.0,0.0,84.28060028076172,,14.566662563947531,83.28039301236242,86.09047861162806,-2.8100855992656335,-0.8556192762973915
2025-01-10 00:00:00+05:30,75.5,76.5,72.69999694824219,73.38999938964844,38606186,0.0,0.0,84.2220002746582,,14.14429152689793,81.75879399348335,85.1497023729629,-3.390908379479555,-1.3626770969338242
2025-01-13 00:00:00+05:30,71.0,72.83000183105469,70.0,70.18000030517578,32634298,0.0,0.0,84.02900024414062,,13.110473119715408,79.97744111835911,84.04083555312683,-4.063394434767716,-1.9028205645006027
2025-01-14 00:00:00+05:30,71.5,73.47000122070312,70.38999938964844,72.87999725341797,34095762,0.0,0.0,83.86900024414062,,16.9486258969076,78.88552667759893,83.21410679018543,-4.3285801125864936,-2.387972474117781
2025-01-15 00:00:00+05:30,73.9000015258789,75.5999984741211,72.0999984741211,73.25,28969720,0.0,0.0,83.67720031738281,,18.141881763122015,78.01852257335294,82.47602480572725,-4.45750223237431,-2.801878425769087
2025-01-16 00:00:00+05:30,75.0,75.4800033569336,74.01000213623047,74.80999755859375,16453514,0.0,0.0,83.55660034179688,,24.630876967864637,77.52490334031306,81.90817093556922,-4.383267595256157,-3.118156259666501
2025-01-17 00:00:00+05:30,74.5,75.18000030517578,73.91000366210938,74.41000366210938,13403086,0.0,0.0,83.56120040893555,,28.966072683971802,77.0456880052048,81.35275113753515,-4.307063132330356,-3.355937634199272
2025-01-20 00:00:00+05:30,75.0,77.0,74.33000183105469,76.33000183105469,15293544,0.0,0.0,83.59980041503906,,32.3308231859034,76.93558243995093,80.98069563335142,-4.045113193400482,-3.4937727460395145
2025-01-21 00:00:00+05:30,77.13999938964844,78.77999877929688,76.01000213623047,76.23999786376953,27328395,0.0,0.0,83.63340042114258,,30.954195394583778,76.82856942823072,80.6295328356046,-3.800963407373885,-3.5552108783063887
2025-01-22 00:00:00+05:30,76.5999984741211,76.88999938964844,73.80000305175781,74.30999755859375,15524482,0.0,0.0,83.6652003479004,,30.46581432600668,76.44109683290196,80.16141911138158,-3.720322278479614,-3.588233158341034
2025-01-23 00:00:00+05:30,74.79000091552734,74.79000091552734,73.16999816894531,73.48999786376953,11531639,0.0,0.0,83.64840026855468,,31.878930157458214,75.98708160688159,79.6672397597066,-3.6801581528250153,-3.6066181572378304
2025-01-24 00:00:00+05:30,73.33999633789062,73.75,71.0,71.33999633789062,14299599,0.0,0.0,83.58940017700195,,35.523433902313016,75.2721454116522,79.05040691364616,-3.7782615019939527,-3.640946826189055
2025-01-27 00:00:00+05:30,70.0999984741211,70.44000244140625,67.5,68.08000183105469,22699796,0.0,0.0,83.5320002746582,,27.733106005084224,74.16566178386798,78.23778431493568,-4.072122531067706,-3.7271819671647854
2025-01-28 00:00:00+05:30,68.16000366210938,68.79000091552734,64.5999984741211,65.16000366210938,31301577,0.0,0.0,83.43280029296875,,23.861559093088374,72.78017591898204,77.26905982213373,-4.488883903151688,-3.879522354362166
2025-01-29 00:00:00+05:30,65.81999969482422,68.30999755859375,65.23999786376953,65.9800033569336,26430739,0.0,0.0,83.3738003540039,,30.180171877016107,71.73399552482074,76.43283341730408,-4.69883789248334,-4.043385461986401
2025-01-30 00:00:00+05:30,66.70999908447266,68.47000122070312,66.29000091552734,66.79000091552734,20575646,0.0,0.0,83.32320037841797,,35.6271708982256,70.97338096954483,75.71854952828359,-4.745168558738754,-4.183742081336872
2025-01-31 00:00:00+05:30,67.8499984741211,76.52999877929688,67.62000274658203,74.80000305175781,116622091,0.0,0.0,83.47500045776367,,58.32133452904544,71.56209205911607,75.65050904854094,-4.088416989424871,-4.164677062954472
2025-02-01 00:00:00+05:30,75.98999786376953,80.80000305175781,73.66000366210938,74.33000183105469,85425148,0.0,0.0,83.57880050659179,,52.83980626770069,71.98792433172201,75.55269369909752,-3.5647693673755043,-4.044695523838679
2025-02-03 00:00:00+05:30,74.51000213623047,76.47000122070312,72.37000274658203,73.08000183105469,45904119,0.0,0.0,83.6488005065918,,49.67815554034105,72.15593625469627,75.36953133850176,-3.2135950838054868,-3.878475435832041
2025-02-04 00:00:00+05:30,74.19999694824219,75.45999908447266,73.72000122070312,74.8499984741211,22868898,0.0,0.0,83.67740051269531,,50.075133235028176,72.57040736537701,75.33104742262171,-2.7606400572447,-3.654908360114573
2025-02-05 00:00:00+05:30,76.9800033569336,77.0,73.51000213623047,74.5999984741211,23581873,0.0,0.0,83.40740051269532,,50.358887151514274,72.88265215133764,75.2768956486587,-2.3942434973210567,-3.40277538755587
2025-02-06 00:00:00+05:30,74.5999984741211,74.98999786376953,71.55999755859375,71.83999633789062,22284387,0.0,0.0,82.98440048217773,,41.77955713190613,72.72224356465348,75.02231051452773,-2.3000669498742496,-3.1822337000195464
2025-02-07 00:00:00+05:30,72.11000061035156,72.30000305175781,68.30000305175781,69.97000122070312,36396886,0.0,0.0,82.63560043334961,,39.223102308672985,72.2988216655842,74.64806538165183,-2.349243716067633,-3.015635703229164
2025-02-10 00:00:00+05:30,68.91000366210938,68.97000122070312,67.16000366210938,67.5999984741211,27920171,0.0,0.0,82.12180038452148,,38.63867068159476,71.57592578997449,74.12598635146438,-2.550060561489886,-2.922520674881308
2025-02-11 00:00:00+05:30,67.9000015258789,67.9000015258789,64.36000061035156,65.26000213623047,28376783,0.0,0.0,81.45620040893554,,36.74718363431573,70.60424522786003,73.46924677996557,-2.8650015521055394,-2.9110168503261544
2025-02-12 00:00:00+05:30,65.5,65.5999984741211,63.29999923706055,64.62000274658203,37541843,0.0,0.0,80.78140045166016,,38.6255977416568,69.68359253843265,72.81374722193716,-3.1301546835045144,-2.9548444169618264
2025-02-13 00:00:00+05:30,65.0,66.12000274658203,63.810001373291016,64.27999877929688,24482682,0.0,0.0,80.09660049438476,,42.86250235015202,68.85227042164253,72.18161770766751,-3.3293472860249835,-3.029744990774458
2025-02-14 00:00:00+05:30,64.55999755859375,64.80000305175781,60.150001525878906,60.869998931884766,35125401,0.0,0.0,79.39580039978027,,42.08778082387621,67.62422865398749,71.34372002057249,-3.719491366585004,-3.1676942659365674
2025-02-17 00:00:00+05:30,60.95000076293945,62.11000061035156,59.290000915527344,61.290000915527344,36043235,0.0,0.0,78.77660041809082,,41.22051178928588,66.64973207883978,70.59900008686544,-3.949268008025669,-3.324009014354388
2025-02-18 00:00:00+05:30,60.599998474121094,61.650001525878906,58.79999923706055,60.27000045776367,25503226,0.0,0.0,78.0906004333496,,37.89004461863446,65.66823490636654,69.83388900322828,-4.1656540968617435,-3.4923380308558594
2025-02-19 00:00:00+05:30,59.400001525878906,61.599998474121094,58.58000183105469,60.54999923706055,27181781,0.0,0.0,77.37920036315919,,12.871274532391439,64.88081403416561,69.14619346499363,-4.26537943082802,-3.6469463108502915
2025-02-20 00:00:00+05:30,60.2400016784668,62.70000076293945,59.810001373291016,61.709999084472656,26475985,0.0,0.0,76.73360038757325,,18.259546050962683,64.39299634959747,68.5953642516217,-4.2023679020242355,-3.7580306290850807
2025-02-21 00:00:00+05:30,61.70000076293945,63.099998474121094,60.560001373291016,60.900001525878906,19439120,0.0,0.0,76.07540046691895,,18.672830360916777,63.855612530563846,68.02533738304817,-4.169724852484322,-3.840369473764929
2025-02-24 00:00:00+05:30,60.0,60.380001068115234,58.88999938964844,59.720001220703125,18187988,0.0,0.0,75.33380043029786,,9.867378041993646,63.21936463673912,67.41012729694853,-4.190762660209408,-3.910448111053825
2025-02-25 00:00:00+05:30,59.88999938964844,60.599998474121094,59.11000061035156,59.369998931884766,13934689,0.0,0.0,74.57260040283204,,9.815306255761044,62.62715452829999,66.81456223286973,-4.187407704569743,-3.965840029757009
2025-02-27 00:00:00+05:30,59.97999954223633,59.97999954223633,56.369998931884766,56.91999816894531,19873548,0.0,0.0,73.78260040283203,,9.97854437368973,61.74913047301465,66.08163156146793,-4.332501088453277,-4.039172241496263
2025-02-28 00:00:00+05:30,55.9900016784668,57.70000076293945,55.68000030517578,56.83000183105469,54341670,0.0,0.0,73.01680038452149,,11.032031690494563,60.99234145117466,65.39632565551139,-4.40398420433673,-4.112134634064357
2025-03-03 00:00:00+05:30,58.0,58.06999969482422,53.709999084472656,55.119998931884766,28878455,0.0,0.0,72.24580039978028,,11.48148470836287,60.08890414051468,64.63511626857608,-4.546212128061406,-4.198950132863767
2025-03-04 00:00:00+05:30,54.029998779296875,56.75,53.619998931884766,55.939998626708984,22919229,0.0,0.0,71.51080032348632,,18.256127745548326,59.45061098454457,63.99103348028963,-4.540422495745062,-4.267244605440026
2025-03-05 00:00:00+05:30,55.5,57.380001068115234,55.40999984741211,56.939998626708984,21420293,0.0,0.0,70.77000022888184,,24.46807944003102,59.064362929492944,63.46873460224662,-4.404371672753676,-4.294670018902756
2025-03-06 00:00:00+05:30,58.2599983215332,58.95000076293945,56.04999923706055,56.369998931884766,36043326,0.0,0.0,70.02640014648438,,24.099542860882963,58.64984539139938,62.942902330367964,-4.293056938968583,-4.294347402915921
2025-03-07 00:00:00+05:30,56.369998931884766,57.63999938964844,55.84000015258789,56.529998779296875,22296149,0.0,0.0,69.3584001159668,,31.94675546045964,58.32371514338361,62.46787243769603,-4.144157294312421,-4.264309381195221
2025-03-10 00:00:00+05:30,56.36000061035156,56.72999954223633,53.25,53.849998474121094,25185976,0.0,0.0,68.73400009155273,,23.949569056711837,57.63545104042014,61.829511403357145,-4.194060362937002,-4.250259577543577
2025-03-11 00:00:00+05:30,53.0,53.119998931884766,50.66999816894531,50.90999984741211,34487730,0.0,0.0,68.03760002136231,,21.111103785216486,56.60076624149583,61.02065869550936,-4.419892454013528,-4.2841861528375675
2025-03-12 00:00:00+05:30,51.099998474121094,52.54999923706055,50.779998779296875,51.060001373291016,29802298,0.0,0.0,67.33440002441407,,20.472937013103845,55.74834087715663,60.28283222719689,-4.534491350040263,-4.334247192278107
2025-03-13 00:00:00+05:30,51.5,51.779998779296875,50.29999923706055,50.5099983215332,23276276,0.0,0.0,66.65040000915528,,13.777494622783024,54.942442022445334,59.55891860455514,-4.616476582109804,-4.390693070244446
2025-03-17 00:00:00+05:30,49.97999954223633,50.2400016784668,46.400001525878906,46.93000030517578,66011619,0.0,0.0,65.93480003356933,,11.684041008720442,53.70975868132694,58.623443174971484,-4.913684493644546,-4.495291354924467
2025-03-18 00:00:00+05:30,46.93000030517578,46.93000030517578,46.93000030517578,46.93000030517578,0,0.0,0.0,65.31440010070801,,12.492672650258783,52.66671893114984,57.757262221653285,-5.090543290503447,-4.614341742040263
2025-03-19 00:00:00+05:30,52.970001220703125,55.79999923706055,52.90999984741211,53.849998474121094,125139405,0.0,0.0,64.80819999694825,,38.31498580147649,52.8487619377608,57.46783527739164,-4.6190733396308445,-4.615288061558379
2025-03-20 00:00:00+05:30,54.11000061035156,54.43000030517578,51.400001525878906,51.709999084472656,55919357,0.0,0.0,64.25219993591308,,38.82453961786908,52.67356765263955,57.04132889273098,-4.367761240091433,-4.56578269726499
2025-03-21 00:00:00+05:30,51.709999084472656,56.869998931884766,51.27000045776367,56.06999969482422,189119171,0.0,0.0,63.86039985656738,,48.62218621143325,53.1960956591295,56.969378581774926,-3.7732829226454285,-4.407282742341078
2025-03-24 00:00:00+05:30,57.560001373291016,58.43000030517578,54.86000061035156,55.72999954223633,65530181,0.0,0.0,63.50719985961914,,51.163679190498215,53.585927025761315,56.87757272699429,-3.291645701232973,-4.184155334119457
2025-03-25 00:00:00+05:30,57.5,57.72999954223633,53.56999969482422,54.119998931884766,57326308,0.0,0.0,63.18599983215332,,46.629630194769966,53.66809193439569,56.67330800143062,-3.0052160670349295,-3.9483674807025517
2025-03-26 00:00:00+05:30,54.0,54.97999954223633,51.349998474121094,51.7400016784668,49183198,0.0,0.0,62.763199920654294,,40.83862323556792,53.37146266425278,56.3078779034333,-2.936415239180519,-3.7459770323981454
2025-03-27 00:00:00+05:30,51.83000183105469,55.599998474121094,51.58000183105469,55.099998474121094,83181034,0.0,0.0,62.40019989013672,,47.9627836256079,53.637391250386365,56.21840535311388,-2.581014102727515,-3.5129844464640194
2025-03-28 00:00:00+05:30,55.099998474121094,55.70000076293945,52.619998931884766,53.04999923706055,38033501,0.0,0.0,61.96499992370605,,44.736841801612854,53.54702324833624,55.9837086037766,-2.4366853554403605,-3.297724628259288
2025-04-01 00:00:00+05:30,52.810001373291016,54.400001525878906,52.54999923706055,52.709999084472656,33287417,0.0,0.0,61.53099983215332,,48.14453185632993,53.418250300049536,55.741211602346674,-2.322961302297138,-3.102771963066858
2025-04-02 00:00:00+05:30,52.75,54.220001220703125,51.83000183105469,54.06999969482422,33537616,0.0,0.0,61.08579978942871,,55.422100767455944,53.51851943770718,55.61741812771538,-2.0988986900082054,-2.901997308455128
2025-04-03 00:00:00+05:30,53.0,54.47999954223633,53.0,54.040000915527344,22386332,0.0,0.0,60.64179985046387,,55.13439055595349,53.59874735737182,55.50057240829405,-1.901825050922227,-2.7019628569485477
2025-04-04 00:00:00+05:30,53.5,53.810001373291016,51.560001373291016,52.47999954223633,23203664,0.0,0.0,60.20519989013672,,53.28005627918664,53.42663230888944,55.27682627006755,-1.850193961178114,-2.531609077794461
2025-04-07 00:00:00+05:30,45.349998474121094,51.75,45.349998474121094,50.77000045776367,37901908,0.0,0.0,59.7507999420166,,56.81818397330903,53.01791971640855,54.942987321008005,-1.9250676045994553,-2.41030078315546
2025-04-08 00:00:00+05:30,52.4900016784668,52.869998931884766,50.02000045776367,50.880001068115234,38477761,0.0,0.0,59.341600036621095,,56.98620757868675,52.68900915513265,54.64202537634928,-1.9530162212166289,-2.3188438707676937
2025-04-09 00:00:00+05:30,51.209999084472656,51.29999923706055,49.790000915527344,50.11000061035156,18714150,0.0,0.0,58.98220001220703,,41.546115078335816,52.29223860978171,54.30631983812723,-2.0140812283455176,-2.2578913422832585
2025-04-11 00:00:00+05:30,51.59000015258789,51.70000076293945,49.900001525878906,50.20000076293945,22512064,0.0,0.0,58.68299995422363,,46.238169826859846,51.97035586411367,54.00214805477999,-2.031792190666316,-2.2126715119598703
2025-04-15 00:00:00+05:30,51.25,51.650001525878906,50.060001373291016,50.27000045776367,33940124,0.0,0.0,58.36879989624023,,31.622303270463334,51.70876272467521,53.72569267722322,-2.0169299525480113,-2.1735232000774984
2025-04-16 00:00:00+05:30,50.5,52.779998779296875,50.0,50.209999084472656,58074672,0.0,0.0,58.03719985961914,,32.1935425281014,51.478183703105586,53.46527092961207,-1.9870872265064818,-2.1362360053632954
2025-04-17 00:00:00+05:30,50.349998474121094,50.70000076293945,50.099998474121094,50.220001220703125,20597955,0.0,0.0,57.54559982299805,,35.97122894472008,51.284617167351364,53.224880580804,-1.9402634134526338,-2.0970414869811633
2025-04-21 00:00:00+05:30,50.56999969482422,53.56999969482422,50.45000076293945,52.880001068115234,67045731,0.0,0.0,57.116599807739256,,54.01974388263,51.53006084439196,53.19933395023446,-1.6692731058424997,-2.011487810753431
2025-04-22 00:00:00+05:30,52.970001220703125,53.970001220703125,52.2400016784668,53.08000183105469,30693991,0.0,0.0,56.71659980773926,,40.834864519452175,51.768513303878535,53.19049453399892,-1.4219812301203874,-1.8935864946268222
2025-04-23 00:00:00+05:30,53.459999084472656,53.59000015258789,50.86000061035156,52.54999923706055,58224552,0.0,0.0,56.270599822998044,,47.36842316603557,51.88874190898346,53.14305043792941,-1.2543085289459484,-1.7657309014906475
2025-04-24 00:00:00+05:30,52.54999923706055,54.439998626708984,52.29999923706055,52.40999984741211,42814417,0.0,0.0,55.826799850463864,,48.38710206686708,51.96893543797248,53.088750394187386,-1.1198149562149027,-1.6365477124354986
2025-04-25 00:00:00+05:30,52.5,52.689998626708984,49.560001373291016,49.86000061035156,50643672,0.0,0.0,55.38719993591309,,29.93328465263363,51.6444839260308,52.84958374353288,-1.2050998175020808,-1.550258133448815
2025-04-28 00:00:00+05:30,49.70000076293945,50.349998474121094,48.40999984741211,49.54999923706055,30954602,0.0,0.0,54.97879989624023,,29.15506821289891,51.32225551234307,52.605170076386784,-1.2829145640437147,-1.496789419567795
2025-04-29 00:00:00+05:30,50.099998474121094,50.790000915527344,49.2599983215332,50.189998626708984,27306195,0.0,0.0,54.630599899291994,,38.37563707341255,51.14806214532244,52.42626848752176,-1.2782063421993186,-1.4530728040941
2025-04-30 00:00:00+05:30,50.189998626708984,50.349998474121094,48.0099983215332,48.689998626708984,18937194,0.0,0.0,54.29919982910156,,39.21161661528964,50.76989852707422,52.149507757091186,-1.3796092300169676,-1.4383800892786736
2025-05-02 00:00:00+05:30,48.689998626708984,49.31999969482422,48.11000061035156,48.279998779296875,13728717,0.0,0.0,53.97239974975586,,36.92152589329677,50.38683702741616,51.862877462439755,-1.4760404350235916,-1.4459121584276573
2025-05-05 00:00:00+05:30,48.88999938964844,49.400001525878906,48.150001525878906,49.2400016784668,14792028,0.0,0.0,53.671599807739256,,45.7058332432694,50.21040081988549,51.668590367330644,-1.4581895474451514,-1.4483676362311562
2025-05-06 00:00:00+05:30,49.2400016784668,49.84000015258789,47.900001525878906,48.040000915527344,14372971,0.0,0.0,53.41499984741211,,40.39146771034525,49.876493142291935,51.399805963493364,-1.5233128212014293,-1.4633566732252108
2025-05-07 00:00:00+05:30,47.0,48.25,46.400001525878906,47.9900016784668,22184842,0.0,0.0,53.1489998626709,,39.839585646685876,49.58626368631884,51.14722786830621,-1.560964181987373,-1.4828781749776434
2025-05-08 00:00:00+05:30,48.4900016784668,49.18000030517578,47.150001525878906,47.599998474121094,16350394,0.0,0.0,52.895599822998044,,38.70130650783448,49.280684422903796,50.88447013540361,-1.603785712499814,-1.5070596824820777
2025-05-09 00:00:00+05:30,46.0,46.95000076293945,45.88999938964844,46.66999816894531,15648882,0.0,0.0,52.61799980163574,,35.765835876972886,48.879040383833264,50.57228702677707,-1.6932466429438051,-1.5442970745744233
2025-05-12 00:00:00+05:30,49.0,49.900001525878906,48.5,49.650001525878906,18880419,0.0,0.0,52.37679985046387,,37.37296160700305,48.99764979030182,50.503969582266095,-1.5063197919642732,-1.5367016180523934
2025-05-13 00:00:00+05:30,49.650001525878906,50.70000076293945,48.97999954223633,50.09000015258789,19458226,0.0,0.0,52.160599822998044,,38.526479921328885,49.16570369219198,50.47330518006771,-1.3076014878757292,-1.4908815920170606
2025-05-14 00:00:00+05:30,50.20000076293945,51.970001220703125,49.86000061035156,51.630001068115234,29803887,0.0,0.0,51.99879981994629,,46.72365523852168,49.54482636541094,50.55898635696012,-1.0141599915491781,-1.3955372719234842
2025-05-15 00:00:00+05:30,51.79999923706055,52.630001068115234,51.52000045776367,52.08000183105469,18980444,0.0,0.0,51.85299987792969,,48.85018192238811,49.934853360125366,50.67165416985601,-0.7368008097306458,-1.2637899794849166
2025-05-16 00:00:00+05:30,52.29999923706055,53.66999816894531,51.65999984741211,52.119998931884766,25149456,0.0,0.0,51.75699989318848,,59.54390555795227,50.2710296019345,50.77893896704333,-0.50790936510883,-1.1126138566096992
2025-05-19 00:00:00+05:30,52.209999084472656,54.099998474121094,52.119998931884766,52.560001373291016,27002212,0.0,0.0,51.671599884033206,,62.57309904247027,50.62317910522012,50.91086951565427,-0.287690410434152,-0.9476291673745898
2025-05-20 00:00:00+05:30,52.880001068115234,53.02000045776367,51.0,51.119998931884766,16808887,0.0,0.0,51.5915998840332,,53.641344707911564,50.69961292470698,50.9263605835232,-0.2267476588162154,-0.803452865662915
2025-05-21 00:00:00+05:30,51.5,51.75,50.75,51.380001068115234,12618919,0.0,0.0,51.50039993286133,,61.665217546659676,50.80428802369287,50.95996358238187,-0.15567555868899774,-0.6738974042681316
2025-05-22 00:00:00+05:30,51.02000045776367,51.77000045776367,50.81999969482422,51.470001220703125,12458872,0.0,0.0,51.390999984741214,,64.22836021313276,50.90670543861752,50.99774414818344,-0.09103870956592175,-0.5573256653276897
2025-05-23 00:00:00+05:30,51.560001373291016,55.279998779296875,51.0099983215332,52.90999984741211,68346435,0.0,0.0,51.321800003051756,,65.69715571978935,51.214904578432076,51.13939271849668,0.07551185993539633,-0.4307581602750725
2025-05-26 00:00:00+05:30,52.900001525878906,53.61000061035156,52.29999923706055,52.52000045776367,17870531,0.0,0.0,51.241600036621094,,70.58821673213238,51.415688559867704,51.24165995844238,0.17402860142532006,-0.30980080793499404
2025-05-27 00:00:00+05:30,52.54999923706055,53.189998626708984,52.15999984741211,52.5,17767525,0.0,0.0,51.21460006713867,,70.78338340485152,51.58250570450344,51.334870331891096,0.24763537261234347,-0.19831357182552656
2025-05-28 00:00:00+05:30,52.599998474121094,53.599998474121094,52.540000915527344,52.90999984741211,18660171,0.0,0.0,51.254600067138675,,74.42501457269626,51.78673557264324,51.45154659230006,0.335188980343176,-0.09161306139178604
2025-05-29 00:00:00+05:30,52.90999984741211,53.68000030517578,52.29999923706055,53.2400016784668,22068387,0.0,0.0,51.298200073242185,,81.98635996079074,52.01031497353917,51.584024746830934,0.42629022670823247,0.011967596228217654
2025-05-30 00:00:00+05:30,48.2400016784668,51.25,48.060001373291016,50.959999084472656,70819438,0.0,0.0,51.30720008850098,77.83575016021729,56.844287126502756,51.84872791368278,51.537800623693286,0.31092728998949326,0.07175953498047277
2025-06-02 00:00:00+05:30,50.5,54.400001525878906,49.70000076293945,53.68000030517578,86121862,0.0,0.0,51.442200088500975,77.64815017700195,65.14766729043085,52.130462127758626,51.696482081580875,0.43398004617775143,0.14420363721992852
2025-06-03 00:00:00+05:30,52.0,52.0,49.04999923706055,49.33000183105469,277613202,0.0,0.0,51.49020011901855,77.3476001739502,42.15553184164695,51.699622082111865,51.52118724820856,0.17843483390330306,0.15104987655660343
2025-06-04 00:00:00+05:30,49.900001525878906,50.400001525878906,48.79999923706055,49.9900016784668,38446073,0.0,0.0,51.41300018310547,77.0567001914978,42.97243029458326,51.43660355847416,51.407766094894356,0.02883746357980499,0.12660739396124374
2025-06-05 00:00:00+05:30,50.45000076293945,50.45000076293945,48.810001373291016,49.040000915527344,33095958,0.0,0.0,51.35960021972656,76.74740018844605,40.240823761342256,51.06789545955927,51.23237608160791,-0.164480622048643,0.06838979075926639
2025-06-06 00:00:00+05:30,49.36000061035156,49.400001525878906,48.56999969482422,48.66999816894531,19206504,0.0,0.0,51.21160018920899,76.3253501701355,37.6193488308847,50.6989881840802,51.04257031029957,-0.343582126219367,-0.014004592636460289
2025-06-09 00:00:00+05:30,48.91999816894531,49.689998626708984,48.900001525878906,49.27000045776367,20627500,0.0,0.0,51.082400207519534,75.83980014801026,43.77943112565045,50.479143918493044,50.91126883974135,-0.4321249212483096,-0.09762865835883015
2025-06-10 00:00:00+05:30,49.66999816894531,50.06999969482422,48.95000076293945,49.0099983215332,17565491,0.0,0.0,50.9802001953125,75.39590017318726,42.03093109332688,50.25312151896076,50.77043398654075,-0.5173124675799912,-0.18156542020306235
2025-06-11 00:00:00+05:30,49.22999954223633,49.36000061035156,48.06999969482422,48.41999816894531,20521356,0.0,0.0,50.91380012512207,74.9477501487732,40.078070940911694,49.971102542035304,50.59632762968183,-0.6252250876465268,-0.2702973536917553
2025-06-12 00:00:00+05:30,48.45000076293945,48.779998779296875,47.099998474121094,47.2599983215332,23749430,0.0,0.0,50.75700012207031,74.52745010375976,31.279002041581947,49.55400958503498,50.34919212537452,-0.795182540339539,-0.37527439102131205
2025-06-13 00:00:00+05:30,46.400001525878906,47.119998931884766,46.31999969482422,46.970001220703125,17125720,0.0,0.0,50.63540016174316,74.13100009918213,31.487672478795872,49.15646983667624,50.09888168799146,-0.9424118513152209,-0.4887018830800938
2025-06-16 00:00:00+05:30,47.06999969482422,47.43000030517578,45.939998626708984,46.7400016784668,14963726,0.0,0.0,50.516000213623045,73.73820009231568,31.05264756156906,48.784705504644016,49.85007576136,-1.0653702567159868,-0.6040355578072725
2025-06-17 00:00:00+05:30,46.939998626708984,47.560001373291016,46.369998931884766,46.5099983215332,13433940,0.0,0.0,50.364800186157225,73.33310009002686,28.695085038220597,48.4347505533962,49.60266261766913,-1.167912064272933,-0.7168108591004047
2025-06-18 00:00:00+05:30,46.5099983215332,46.70000076293945,46.0099983215332,46.119998931884766,11816032,0.0,0.0,50.20640014648438,72.93525007247925,26.392578647726083,48.078634919317516,49.34468752983325,-1.266052610515736,-0.8266592093834709
2025-06-19 00:00:00+05:30,46.150001525878906,46.58000183105469,45.04999923706055,45.470001220703125,21700056,0.0,0.0,50.06620018005371,72.56120008468628,29.591092954355815,47.677306657992226,49.057673729156946,-1.38036707116472,-0.9374007817397207
2025-06-20 00:00:00+05:30,45.70000076293945,46.29999923706055,45.52000045776367,46.08000183105469,15063115,0.0,0.0,49.972400207519534,72.20195009231567,16.490318274815536,47.43156745384799,48.83710544040863,-1.4055379865606383,-1.0310282227039043
2025-06-23 00:00:00+05:30,45.849998474121094,45.849998474121094,43.15999984741211,43.33000183105469,94729958,0.0,0.0,49.82140022277832,71.84395009994506,19.199196015797696,46.800557358033636,48.42917183971574,-1.6286144816821064,-1.1505454744995447
2025-06-24 00:00:00+05:30,44.0,44.849998474121094,43.47999954223633,43.59000015258789,38878135,0.0,0.0,49.69100021362305,71.49445011138916,15.738764414362535,46.30662548027275,48.07071467770627,-1.7640891974335204,-1.2732542190863398
2025-06-25 00:00:00+05:30,43.900001525878906,44.119998931884766,43.18000030517578,43.2599983215332,23956796,0.0,0.0,49.552200164794925,71.15675008773803,16.8578024294183,45.83791360969744,47.714365317989746,-1.8764517082923078,-1.3938937169275336
2025-06-26 00:00:00+05:30,43.540000915527344,43.599998474121094,43.0099983215332,43.15999984741211,16255204,0.0,0.0,49.41000015258789,70.79675006866455,17.396462579628974,45.42592687703816,47.37700491276177,-1.9510780357236115,-1.5053305806867492
2025-06-27 00:00:00+05:30,43.2400016784668,44.349998474121094,43.0,43.09000015258789,41007078,0.0,0.0,49.26760017395019,70.46435007095337,10.984837538171064,45.06655353481504,47.059449004600744,-1.9928954697857009,-1.6028435585065397
2025-06-30 00:00:00+05:30,43.29999923706055,43.4900016784668,43.04999923706055,43.15999984741211,20475039,0.0,0.0,49.12640014648437,70.10725006103516,12.160402927004526,44.7732375829069,46.77060091888307,-1.9973633359761678,-1.6817475140004654
2025-07-01 00:00:00+05:30,43.43000030517578,44.099998474121094,41.81999969482422,42.02000045776367,39203765,0.0,0.0,48.90920013427734,69.73985006332397,11.352647323191206,44.34966264057717,46.41870458842978,-2.069041947852611,-1.7592064007708947
2025-07-02 00:00:00+05:30,42.400001525878906,42.59000015258789,40.810001373291016,41.060001373291016,37896285,0.0,0.0,48.66880012512207,69.3800500869751,11.633654718661163,43.843560907148536,46.021763609530616,-2.1782027023820802,-1.843005661093132
2025-07-03 00:00:00+05:30,41.20000076293945,41.75,40.400001525878906,40.61000061035156,58659774,0.0,0.0,48.430000152587894,69.01990009307862,11.407753281612685,43.346090092256695,45.6208922762581,-2.274802184001402,-1.9293649656747862
2025-07-04 00:00:00+05:30,40.65999984741211,42.59000015258789,40.459999084472656,41.72999954223633,85832688,0.0,0.0,48.216400146484375,68.67065008163452,22.562959236625787,43.09746077686895,45.33267799966389,-2.235217222794944,-1.9905354170988179
2025-07-07 00:00:00+05:30,41.86000061035156,41.959999084472656,41.0099983215332,41.529998779296875,20948411,0.0,0.0,48.049800109863284,68.3403000831604,22.63734909405079,42.85631277724248,45.05099805741448,-2.1946852801720027,-2.031365389713455
2025-07-08 00:00:00+05:30,41.560001373291016,41.61000061035156,40.70000076293945,40.7599983215332,21384796,0.0,0.0,47.87400009155274,67.9543000793457,21.729941845960198,42.53380286097951,44.73314622512698,-2.1993433641474667,-2.0649609846002575
2025-07-09 00:00:00+05:30,41.0099983215332,41.2599983215332,40.119998931884766,40.380001068115234,24637547,0.0,0.0,47.67780014038086,67.57145009994507,22.366977378957856,42.202448739000396,44.4106910283113,-2.2082422893109026,-2.0936172455423865
2025-07-10 00:00:00+05:30,40.5099983215332,40.630001068115234,39.81999969482422,39.95000076293945,25760623,0.0,0.0,47.50300018310547,67.21285011291504,16.05756098344048,41.85591828114487,44.080269527172646,-2.22435124602778,-2.119764045639465
2025-07-11 00:00:00+05:30,40.0,40.34000015258789,39.619998931884766,39.79999923706055,28632041,0.0,0.0,47.33340019226074,66.8569001197815,22.550509170406713,41.53962304359343,43.763212468645825,-2.2235894250523955,-2.1405291215220514
2025-07-14 00:00:00+05:30,39.91999816894531,47.7599983215332,39.599998474121094,47.06999969482422,597328587,0.0,0.0,47.29000015258789,66.55150011062622,62.94642819129687,42.39045022070586,44.008159670584966,-1.6177094498791078,-2.035965187193463
2025-07-15 00:00:00+05:30,48.400001525878906,48.900001525878906,43.599998474121094,44.099998474121094,418942820,0.0,0.0,47.211200103759765,66.25175008773803,52.61194109518359,42.653457644308205,44.01496254492098,-1.361504900612772,-1.901073129877325
2025-07-16 00:00:00+05:30,44.47999954223633,44.47999954223633,41.939998626708984,42.290000915527344,183429089,0.0,0.0,47.097200088500976,65.94810010910034,47.55480867435281,42.597541224495764,43.88718760941034,-1.289646384914576,-1.7787877808847752
2025-07-17 00:00:00+05:30,42.38999938964844,43.849998474121094,41.41999816894531,42.15999984741211,168355786,0.0,0.0,46.9884001159668,65.64145011901856,47.39495690567118,42.530227166482895,43.75924777518825,-1.2290206087053548,-1.6688343464488913
2025-07-18 00:00:00+05:30,42.310001373291016,42.33000183105469,41.04999923706055,41.310001373291016,51256778,0.0,0.0,46.88120018005371,65.33710012435913,45.0348933256507,42.34250012137645,43.57782211578846,-1.2353219944120042,-1.582131876041514
2025-07-21 00:00:00+05:30,41.310001373291016,41.59000015258789,40.56999969482422,40.7400016784668,44975465,0.0,0.0,46.703000183105466,65.04270011901855,46.45625982189629,42.09596189939035,43.367613194505374,-1.2716512951150207,-1.5200357598562153
2025-07-22 00:00:00+05:30,40.900001525878906,41.279998779296875,40.0099983215332,40.16999816894531,44095007,0.0,0.0,46.50460014343262,64.73045009613037,47.48159845944105,41.79965978701419,43.13075282224167,-1.3310930352274752,-1.4822472149304673
2025-07-23 00:00:00+05:30,40.349998474121094,43.95000076293945,39.900001525878906,43.04999923706055,255810439,0.0,0.0,46.333000106811525,64.44940008163452,56.069647633986484,41.99201970240594,43.12477107519121,-1.1327513727852718,-1.4123480465014282
2025-07-24 00:00:00+05:30,42.95000076293945,44.349998474121094,42.34000015258789,42.599998474121094,136145860,0.0,0.0,46.143400039672855,64.16715005874634,52.23880274681705,42.085554898054426,43.0858990306675,-1.0003441326130726,-1.3299472637237573
2025-07-25 00:00:00+05:30,42.58000183105469,42.58000183105469,41.060001373291016,41.22999954223633,40112890,0.0,0.0,45.92560005187988,63.919200057983396,49.27184659289241,41.95393099715933,42.94842499448741,-0.9944939973280782,-1.2628566104446215
2025-07-28 00:00:00+05:30,41.130001068115234,43.349998474121094,40.720001220703125,41.290000915527344,147246534,0.0,0.0,45.70020004272461,63.648600044250486,51.332334109122584,41.85178790767749,42.82557876641629,-0.973790858738802,-1.2050434601034576
2025-07-29 00:00:00+05:30,41.45000076293945,42.34000015258789,40.91999816894531,41.709999084472656,65134571,0.0,0.0,45.51200004577637,63.37825004577637,53.33667270803829,41.82997424256905,42.742943234420466,-0.9129689918514146,-1.1466285664530491
2025-07-30 00:00:00+05:30,41.849998474121094,42.4900016784668,41.599998474121094,42.15999984741211,46737749,0.0,0.0,45.32760002136231,63.13510004043579,55.53884355232176,41.880747412544906,42.699762242790214,-0.8190148302453082,-1.081105819211501
2025-07-31 00:00:00+05:30,41.650001525878906,42.04999923706055,41.04999923706055,41.310001373291016,32583113,0.0,0.0,45.124400024414065,62.890650062561036,53.6561792364473,41.79294032958277,42.596816993197685,-0.8038766636149148,-1.025659988092184
2025-08-01 00:00:00+05:30,41.5,42.02000045776367,40.02000045776367,40.54999923706055,44533123,0.0,0.0,44.877200012207034,62.656100063323976,26.944840946854058,41.60171862304089,42.44520086311345,-0.8434822400725608,-0.9892244384882594
2025-08-04 00:00:00+05:30,40.63999938964844,41.93000030517578,40.369998931884766,40.849998474121094,43858151,0.0,0.0,44.64379997253418,62.41280004501343,35.83260830812374,41.48606936936092,42.32703772318809,-0.8409683538271722,-0.959573221556042
2025-08-05 00:00:00+05:30,41.0099983215332,41.34000015258789,40.720001220703125,40.869998931884766,21136397,0.0,0.0,44.411199951171874,62.17130004882812,42.665282131815864,41.3912893020569,42.21910892383229,-0.8278196217753901,-0.9332225015999117
2025-08-06 00:00:00+05:30,41.099998474121094,41.20000076293945,40.150001525878906,40.310001373291016,23073432,0.0,0.0,44.159199981689454,61.935000057220456,40.8506510265346,41.22493731301599,42.07769354971812,-0.8527562367021275,-0.9171292486203549
2025-08-07 00:00:00+05:30,40.2400016784668,40.54999923706055,39.75,40.2599983215332,28360624,0.0,0.0,43.899599914550784,61.701550064086916,44.36088900835136,41.07648516048018,41.943049458741456,-0.8665642982612738,-0.9070162585485387
2025-08-08 00:00:00+05:30,40.400001525878906,40.75,40.04999923706055,40.130001068115234,19716156,0.0,0.0,43.68299995422363,61.493950061798095,46.56144069072233,40.93087222319327,41.80874957795433,-0.8778773547610612,-0.9011884777910433
2025-08-11 00:00:00+05:30,40.34000015258789,40.79999923706055,39.70000076293945,39.84000015258789,25534317,0.0,0.0,43.40619995117188,61.28775005340576,48.079173396417204,40.76304575079244,41.66291628718645,-0.8998705363940047,-0.9009248895116356
2025-08-12 00:00:00+05:30,40.0,40.5,39.70000076293945,39.81999969482422,19820124,0.0,0.0,43.215999908447266,61.07805004119873,21.815010468781722,40.61796174218195,41.52640394701147,-0.9084422048295195,-0.9024283525752125
2025-08-13 00:00:00+05:30,40.0099983215332,42.20000076293945,39.90999984741211,40.5,106669144,0.0,0.0,43.02619987487793,60.88055004119873,32.38256043031839,40.599813781846265,41.45037402501062,-0.8505602431643524,-0.8920547306930405
2025-08-14 00:00:00+05:30,40.79999923706055,43.0,40.52000045776367,41.310001373291016,184219643,0.0,0.0,42.8715998840332,60.70065004348755,50.74075748563484,40.7090734112993,41.439976050809165,-0.7309026395098641,-0.8598243124564053
2025-08-18 00:00:00+05:30,43.0,43.029998779296875,40.83000183105469,41.2400016784668,94667053,0.0,0.0,42.72299995422363,60.518900070190426,49.53789982929053,40.79075468317122,41.42516313433936,-0.6344084511681345,-0.8147411401987512
2025-08-19 00:00:00+05:30,41.560001373291016,45.70000076293945,41.400001525878906,44.83000183105469,583185438,0.0,0.0,42.634199981689456,60.361450080871585,68.18183030736316,41.41217732130714,41.67737340817012,-0.2651960868629786,-0.7048321295315967
2025-08-20 00:00:00+05:30,45.400001525878906,53.790000915527344,45.400001525878906,53.209999084472656,34422997,0.0,0.0,42.71819999694824,60.22835006713867,83.46456802072645,43.22722682333261,42.531641976785124,0.695584846547483,-0.42474873431578075
2025-08-21 00:00:00+05:30,53.97999954223633,54.599998474121094,48.5,48.810001373291016,564355661,0.0,0.0,42.72600006103516,60.068000087738035,68.69392052041148,44.0861152156339,42.99670563578556,1.0894095798483434,-0.12191707148295593
2025-08-22 00:00:00+05:30,49.0,49.75,46.86000061035156,47.189998626708984,268229688,0.0,0.0,42.724600067138674,59.88975009918213,65.86998080980997,44.56363574041468,43.307319931409516,1.2563158090051658,0.15372950461466844
2025-08-25 00:00:00+05:30,47.4900016784668,49.400001525878906,46.650001525878906,48.56999969482422,262019954,0.0,0.0,42.756600036621094,59.7284001159668,67.54545731977983,45.17999942570846,43.69714806203283,1.4828513636756284,0.4195538764268605
2025-08-26 00:00:00+05:30,48.540000915527344,51.79999923706055,47.810001373291016,50.81999969482422,471161271,0.0,0.0,42.83819999694824,59.61160011291504,70.53239981617662,46.04769177480319,44.22476670149886,1.822925073304333,0.700228115802355
2025-08-27 00:00:00+05:30,50.81999969482422,50.81999969482422,50.81999969482422,50.81999969482422,0,0.0,0.0,42.92440002441406,59.493700103759764,72.20109303074047,46.78189299326797,44.71330247878222,2.0685905144857486,0.9739005955390337
2025-08-28 00:00:00+05:30,51.150001525878906,56.220001220703125,51.150001525878906,54.84000015258789,779430294,0.0,0.0,43.098800048828124,59.395100116729736,76.37482299749091,48.021601787009494,45.463428232397455,2.55817355461204,1.290755187353635
2025-08-29 00:00:00+05:30,55.310001373291016,57.5,53.709999084472656,54.04999923706055,496974947,0.0,0.0,43.270400009155274,59.301750106811525,74.59363368881455,48.94904754855581,46.099470529039166,2.8495770195166443,1.602519553786237
2025-09-01 00:00:00+05:30,55.20000076293945,63.790000915527344,54.5,62.47999954223633,6592810,0.0,0.0,43.59839996337891,59.24250009536743,81.06476107685839,51.0307324706605,47.31284304853525,3.7178894221252534,2.02559352745404
2025-09-02 00:00:00+05:30,64.01000213623047,65.44999694824219,61.630001068115234,61.959999084472656,763529974,0.0,0.0,43.97099990844727,59.18085008621216,79.96751208228345,52.71215810355468,48.3978175697158,4.31434053383888,2.4833429287310085
2025-09-03 00:00:00+05:30,62.439998626708984,70.25,61.150001525878906,68.98999786376953,1044506628,0.0,0.0,44.4789998626709,59.1710500907898,82.90597974271546,55.21644114358773,49.92316425816422,5.293276885423509,3.0453297200695086
2025-09-04 00:00:00+05:30,69.48999786376953,71.25,63.709999084472656,64.5,747216125,0.0,0.0,44.90379989624024,59.14295007705689,74.68596966937854,56.644680967651155,51.00292986867058,5.641751098980578,3.5646139958517224
2025-09-05 00:00:00+05:30,64.0999984741211,64.72000122070312,59.31999969482422,59.91999816894531,475352510,0.0,0.0,45.2389998626709,59.09790006637573,68.14296489567047,57.14857592169641,51.66345344646871,5.485122475227705,3.9487156917269193
2025-09-08 00:00:00+05:30,60.400001525878906,64.3499984741211,59.900001525878906,60.13999938964844,330266594,0.0,0.0,45.57999984741211,59.05200006484986,65.91145018121199,57.60879491676595,52.291345738556096,5.317449178209856,4.222462389023507
2025-09-09 00:00:00+05:30,60.849998474121094,62.0,57.130001068115234,59.83000183105469,30953030,0.0,0.0,45.913399887084964,59.01510007858276,58.26673650750945,57.95051905742576,52.849764708370806,5.100754349054952,4.398120781029796
2025-09-10 00:00:00+05:30,59.79999923706055,60.790000915527344,57.400001525878906,59.36000061035156,40060860,0.0,0.0,46.26019989013672,58.96620008468628,64.60813894243421,58.167362373260495,53.33200440481382,4.835357968446672,4.485568218513172
2025-09-11 00:00:00+05:30,58.54999923706055,59.0,56.560001373291016,57.97999954223633,34606424,0.0,0.0,46.59859985351562,58.908200073242185,65.04042387696151,58.1385373223337,53.67630034091919,4.462236981414506,4.480901971093439
2025-09-12 00:00:00+05:30,58.0,59.34000015258789,56.15999984741211,58.900001525878906,37534241,0.0,0.0,46.964399871826174,58.83560009002686,64.5862761405308,58.25568566134065,54.063241169434725,4.192444491905924,4.423210475255936
2025-09-15 00:00:00+05:30,59.0,61.02000045776367,57.5,60.5099983215332,34709677,0.0,0.0,47.33999984741211,58.69765008926392,63.93442407123313,58.602502993677966,54.54077873625683,4.061724257421133,4.350913231688976
2025-09-16 00:00:00+05:30,60.75,61.0,58.599998474121094,59.33000183105469,27820149,0.0,0.0,47.69599990844726,58.52935010910034,61.835887146920285,58.71442589173592,54.89553600253816,3.818889889197763,4.244508563190734
2025-09-17 00:00:00+05:30,59.59000015258789,59.939998626708984,58.11000061035156,58.810001373291016,21307287,0.0,0.0,48.05699996948242,58.38635009765625,56.117105691928536,58.72912981197517,55.185496400371704,3.543633411603466,4.10433353287328
2025-09-18 00:00:00+05:30,58.810001373291016,58.810001373291016,57.0,57.709999084472656,21173083,0.0,0.0,48.40359992980957,58.208450088500975,55.58608063939733,58.57234046928248,55.372496599193994,3.199843870088486,3.9234356003163215
2025-09-19 00:00:00+05:30,57.0,58.70000076293945,56.5,57.66999816894531,22137753,0.0,0.0,48.757999877929684,58.00410007476807,40.131305736337566,58.433518576922914,55.54268190065705,2.890836676265863,3.71691581550623
2025-09-22 00:00:00+05:30,57.84000015258789,58.290000915527344,56.70000076293945,58.0099983215332,16967487,0.0,0.0,49.122199859619144,57.80235006332398,41.83546716166796,58.36836161455527,55.72544607998121,2.6429155345740583,3.502115759319796
2025-09-23 00:00:00+05:30,58.099998474121094,59.20000076293945,57.54999923706055,58.2400016784668,16657850,0.0,0.0,49.34559989929199,57.60095008850098,19.091448520790536,58.34861393208012,55.91170945764681,2.4369044744333124,3.2890735023424993
2025-09-24 00:00:00+05:30,58.45000076293945,58.599998474121094,56.529998779296875,56.88999938964844,13013302,0.0,0.0,49.60139991760254,57.40585006713867,23.298257768459507,58.124211694782936,55.98417537853582,2.1400363162471194,3.0592660651234236
2025-09-25 00:00:00+05:30,56.849998474121094,57.2400016784668,54.54999923706055,56.040000915527344,18048277,0.0,0.0,49.87639991760254,57.22480007171631,31.558955904728336,57.80356388258977,55.98831060349815,1.8152532790916212,2.8104635079170635
2025-09-26 00:00:00+05:30,55.349998474121094,55.400001525878906,53.560001373291016,54.91999816894531,19469851,0.0,0.0,50.1315998840332,57.02655006408691,27.145365278790095,57.35993838818293,55.90917634908683,1.4507620390961051,2.538523214152872
2025-09-29 00:00:00+05:30,54.75,54.880001068115234,53.099998474121094,54.2400016784668,21340221,0.0,0.0,50.39019989013672,56.817150058746336,26.29347790566409,56.87994812514968,55.78553378089275,1.0944143442569327,2.249701440173684
2025-09-30 00:00:00+05:30,54.13999938964844,56.95000076293945,53.560001373291016,56.95000076293945,18935888,0.0,0.0,50.714399871826174,56.63195007324219,41.41126371407884,56.890725454040414,55.87179059437769,1.0189348596627212,2.0035481240714916
2025-10-01 00:00:00+05:30,57.599998474121094,58.650001525878906,55.31999969482422,55.849998474121094,18327281,0.0,0.0,51.02799987792969,56.442150077819825,42.25454371933158,56.7306136109759,55.87017636324757,0.8604372477283277,1.774925948802859
2025-10-02 00:00:00+05:30,55.849998474121094,55.849998474121094,55.849998474121094,55.849998474121094,0,0.0,0.0,51.283999862670896,56.23740005493164,38.113785594420726,56.595134359152084,55.86868170479376,0.7264526543583258,1.5652312899139524
2025-10-03 00:00:00+05:30,55.13999938964844,55.54999923706055,53.5,53.9900016784668,17624383,0.0,0.0,51.51179992675781,56.02020006179809,25.0764689207208,56.194344715969734,55.72952022136213,0.4648244946076048,1.345149930852683
2025-10-06 00:00:00+05:30,54.0,54.15999984741211,51.900001525878906,52.599998474121094,9388612,0.0,0.0,51.73919990539551,55.80110006332397,24.680214334756258,55.641368371069944,55.49770379564057,0.14366457542937638,1.1048528597680218
